SET NAMES UTF8;
DROP DATABASE IF EXISTS photel;
CREATE DATABASE photel CHARSET=UTF8;
USE photel;

/**用户表**/
CREATE TABLE user(
    userId INT PRIMARY KEY AUTO_INCREMENT, /*用户编号*/
    phone VARCHAR(11),                 	/*电话*/
    upwd VARCHAR(32),	               	/*密码*/
    nickname VARCHAR(32) NOT NULL DEFAULT '',	  /*昵称*/
    sex	VARCHAR(1) NOT NULL DEFAULT '',		  /*性别，M-男，F-女, DEFAULT 'M'*/
    age	VARCHAR(3) NOT NULL DEFAULT '',		  /*年龄*/
    edu	VARCHAR(16) NOT NULL DEFAULT '',	      /*学历*/
    job	VARCHAR(16) NOT NULL DEFAULT ''	      /*职业*/
);
INSERT INTO user VALUES
(1, '15012619682', '123456','喜子','','','',''),
(2, '13812345678', '123456','','','','','');

/*新闻表*/
CREATE TABLE news(
   newsId INT PRIMARY KEY AUTO_INCREMENT,
   title VARCHAR(64),                   /*标题*/
   pubTime BIGINT,                      /*发布时间*/
   pic  VARCHAR(64),                    /*图片*/
   abstract VARCHAR(128)                /*摘要*/
);
INSERT INTO news VALUES
(NULL,'香港皇悦卓越酒店','1491034364980','img-news/01.jpg','香港皇悦卓越酒店(Empire Prestige Causeway Bay)位于铜锣湾地段,从酒店前往维多利亚公园及港铁站只需步行10分钟左右。前往大型购物商场祟光百货公司、时代广场也只需步行15分钟左右。'),
(NULL,'香港尖沙咀皇悦酒店','1491120786383','img-news/02.jpg','香港尖沙咀皇悦酒店(Empire Hotel Kowloon－Tsim Sha Tsui)位于尖沙嘴中心地带，临近购物、商业中心；附近交通路线众多，可徒步直达中港码头，宾客往返内地及珠江三角洲均十分快捷方便。酒店特设携程客人专享柜台，供优先办理入住/离店手续。'),
(NULL,'香港铜锣湾皇冠假日酒店','1491207199751','img-news/03.jpg','香港铜锣湾皇冠假日酒店位于着名商业及购物区铜锣湾礼顿道，位置优越，交通四通八达，是商务或休闲旅客的不二之选。房内设备齐全，香港铜锣湾皇冠假日酒店更为家庭旅客，准备了婴儿衣架丶爽身粉丶奶瓶消毒器等婴孩用品，如有需要可向服务台查询。香港铜锣湾皇冠假日酒店致力于提供优质的服务，拥有各类'),
(NULL,'香港置地文华东方酒店','1491293616887','img-news/04.jpg','香港置地文华东方酒店位于香港中环的中心地带，建立在置地广场之上，酒店毗邻中环各主要商业大厦与购物中心。通过地下通道，只需几分钟即可到达地铁中环站，沿着高架人行道可步行到达机场快线。'),
(NULL,'香港湾仔皇悦酒店','1491380029200','img-news/01.jpg','香港湾仔皇悦酒店(Empire Hotel Hong Kong－Wan Chai)位于湾仔市商业中心，邻近会议展览中心、演艺学院、金钟太古广场等地；步行五分钟可达湾仔地铁站，位置优越，集商务与购物之便。酒店特设携程客人专享柜台，供优先办理入住/离店手续。'),
(NULL,'千禧新世界香港酒店','1491466442348','img-news/02.jpg','千禧新世界香港酒店位于闻名的维多利亚港旁，交通四通八达。酒店设计以瑰丽高雅为主，位于十二、十四及十五楼的商务楼层内有专用的休憩及商务中心，并提供各种贵宾及商业服务。'),
(NULL,'香港柏宁铂尔曼酒店','1491552852641','img-news/03.jpg','香港柏宁铂尔曼酒店(The Park Lane Hong Kong, A Pullman Hotel) 位于铜锣湾心脏地带，邻近公共交通工具、主要旅游景点和商业场所。'),
(NULL,'香港柏宁铂尔曼酒店','1491639263813','img-news/04.jpg','香港柏宁铂尔曼酒店(The Park Lane Hong Kong, A Pullman Hotel) 位于铜锣湾心脏地带，邻近公共交通工具、主要旅游景点和商业场所。'),
(NULL,'香港朗廷酒店','1491725674904','img-news/01.jpg','香港朗廷酒店位于九龙尖沙嘴，毗邻大型购物商场，国际著名时装专卖店及国际商业机构办公室，交通便利，步行前往九广铁路尖东站仅需5五分钟。'),
(NULL,'香港逸兰精品酒店','1491812086229','img-news/02.jpg','香港逸兰精品酒店位于港岛区的心脏地带——铜锣湾，毗邻名店及娱乐热点，距离地下铁路——铜锣湾站仅数分钟行程，交通便捷。香港逸兰精品酒店拥有各式时尚客房，房内配有无线上网；特设开放式厨房，并提供手提电话、号码外借、DVD免费借阅等服务。立于房内，宾客可俯瞰维多'),
(NULL,'香港嘉湖海逸酒店','1491898498133','img-news/03.jpg','香港嘉湖海逸酒店(Harbour Plaza Resort City)位于新界天水围，正对铁路，可连接西铁、直达市区；周围有天水围中央公园、湿地公园、屏山文物径、南生围及流浮山等景点。'),
(NULL,'香港湾仔帝盛酒店','1491984909652','img-news/04.jpg','香港湾仔帝盛酒店(Dorsett Wanchai) 位于多姿多彩的湾仔及铜锣湾市中心，距离地铁站约8分钟的路程，并邻近多个不可错过的景点。酒店亦提供免费穿梭巴士服务，来往15个主要景点及交通枢纽(如国际金融中心商场、机场快线香港站、香港会议展览中心及太古广场等)。'),
(NULL,'香港铜锣湾利景酒店','1492071319020','img-news/01.jpg','香港铜锣湾利景酒店毗邻铜锣湾时代广场地铁站，步行约15分钟有铜锣湾购物区、祟光百货、特色商场、食肆，吃喝购娱，应有尽有。乘车往香港会议展览中心及中环、上环等商业区交通方便。酒店房间设施齐备，包括电视机、保险箱、冰箱、电脑门锁系统及先进的空调系统。'),
(NULL,'香港粤海酒店','1492157728691','img-news/02.jpg','香港粤海酒店(GDH Hotel)位于商业、购物、文化及娱乐集中的尖沙咀区，各大著名旅游景点近在咫尺；步行可到达贯通全港各区至机场的尖沙咀及尖东地铁车站，独特的地理优势给你提供一个方便快捷的交通环境。'),
(NULL,'香港九龙海逸君绰酒店','1492244138542','img-news/03.jpg','香港九龙海逸君绰酒店(Harbour Grand Kowloon) 位于香港九龙红磡黄埔花园，坐落于维港海旁，周围交通四通八达。'),
(NULL,'香港如心海景酒店暨会议中心','1492330549892','img-news/04.jpg','香港如心海景酒店暨会议中心位于香港荃湾区宁静的海滨一旁，坐享360度维多利亚海港全景，可俯瞰大帽山蓝巴勒海峡等怡人美景。酒店邻近巴士总站、渡轮码头、荃湾九广西铁站，连接地下铁荃湾线、东涌线及机场快线，交通四通八达。'),
(NULL,'香港旺角希尔顿花园酒店','1492416960882','img-news/01.jpg','香港旺角希尔顿花园酒店座落于九龙半岛之旺角最繁华的心脏地带，毗邻弥敦道与旺角港铁站。邻近食肆，亚洲及国际美食荟萃。此区乃本港购物，娱乐及商务的枢纽。 多个旅游热点近在咫尺，步行只需10分钟内即可到达，尽情探索香港的传统文化。'),
(NULL,'如心南湾海景酒店','1492503389415','img-news/02.jpg','如心南湾海景酒店(L hotel Island South)位于港岛香港仔的黄竹坑道上，黃竹坑，临近海洋公园，与九龙半岛及港岛其它地区紧紧相连，宾客穿过海底隧道及香港仔隧道，可直达酒店门口，从地铁站Wong Chuk Hang Station B 出口可到达酒店，交通方便快捷。'),
(NULL,'香港帝景酒店','1492589800055','img-news/03.jpg','香港帝景酒店(Royal View Hotel)位于荃湾汀九，地处区内交通枢纽，可直达国际机场、亚洲国际博览馆、迪斯尼公园，酒店坐拥青马大桥和汀九桥的宏伟景观，更提供班车接送宾客前往地铁站和尖沙嘴，交通方便快捷。'),
(NULL,'香港兰桂坊(九如坊)(酒店)','1492676212013','img-news/04.jpg','香港兰桂坊(九如坊)酒店(Lan Kwai Fong Hotel Kau U Fong)坐落于中上环商业中心，最「潮」的苏豪和兰桂坊之间，邻近机场快线、港澳码头及港铁，交通便利。'),
(NULL,'香港遨舍卫兰轩','1492762622218','img-news/01.jpg','香港遨舍卫兰轩(OZO Wesley Hong Kong) 位于湾仔轩尼诗道，近庄士敦道，周边购物场所汇集，出行十分便捷香港遨舍卫兰轩(OZO Wesley Hong Kong)奉行时尚简约的风格，营造一个充满朝气的舒适空间，屏退喧闹烦嚣，带给旅客一个轻松安稳的休歇地，舒缓身心'),
(NULL,'香港黄金海岸酒店','1492849033320','img-news/02.jpg','香港黄金海岸酒店往来机场交通便捷，车程只需20分钟，与中环及尖沙咀亦只分别相距约 30及25 分钟，让您轻松自在享受休闲假期。酒店同时提供定时穿梭巴士往来尖沙咀、荃湾或青衣机铁站及港铁站，方便您方便您往返香港各处。');


/*一级区域*/
CREATE TABLE area(
    areaId INT PRIMARY KEY AUTO_INCREMENT,
    areaName VARCHAR(16)
);
INSERT INTO area VALUES
(1,'尖沙咀'),
(2,'油麻地'),
(3,'铜锣湾');

/*二级区域*/
CREATE TABLE subArea(
    subAreaId INT PRIMARY KEY AUTO_INCREMENT,
    areaId INT,
    subAreaName VARCHAR(16)
);
INSERT INTO subArea VALUES
(1,'1','庙街'),
(2,'1','艺顺'),
(3,'1','庙街'),
(4,'2','朗豪广场'),
(5,'2','弥敦道'),
(6,'2','尖东'),
(7,'3','崇光'),
(8,'3','地铁商圈'),
(9,'3','维港');


/*租房房源详情*/
CREATE TABLE zufang(
    zfId INT PRIMARY KEY AUTO_INCREMENT,
    title VARCHAR(64),  /*标题*/
    pubTime BIGINT,     /*发布时间*/
    price INT,   /*价格*/
    houseType VARCHAR(16),   /*房型*/
    size INT,    /*面积*/
    floor VARCHAR(16),   /*楼层*/
    leaseWay VARCHAR(16),    /*租赁方式*/
    pay VARCHAR(16),         /*支付方式*/
    orientation VARCHAR(16), /*朝向*/
    decoration VARCHAR(16),  /*装修*/
    areaId INT,                 /*√一级区域*/
    subAreaId INT,                /*√二级区域*/
    community VARCHAR(32),   /*小区*/
    address VARCHAR(64),     /*位置*/
    agentId INT,               /*√经纪人*/
    details VARCHAR(2048)   /*详情*/
);
INSERT INTO zufang VALUES
(NULL,'香港九龙酒店','1491034364980','5200','大床房','85','2/6','豪华房','咨询前台','南','精装修','1','1','香港机场畅达路9号','万寿路与万寿西街交叉口西行200米路北','1','<p>位置极好，楼下就是地铁，离码头、海港城、广场、星光大道，小吃街都很近，推荐的美食附近都有，房间干净整齐，设备齐全，有室外游泳池。</p>'),
(NULL,'香港洲际酒店','1491120786383','5100','双床房','80','2/6','豪华房','咨询前台','南','精装修','1','2','香港机场畅达路9号','万寿路与万寿西街交叉口西行200米路北','2','<p>位置极好，楼下就是地铁，离码头、海港城、广场、星光大道，小吃街都很近，推荐的美食附近都有，房间干净整齐，设备齐全，有室外游泳池。</p>'),
(NULL,'帝京酒店','1491207199751','5000','大床房','65','2/6','豪华房','咨询前台','南','精装修','1','3','香港机场畅达路9号','万寿路与万寿西街交叉口西行200米路北','3','<p>位置极好，楼下就是地铁，离码头、海港城、广场、星光大道，小吃街都很近，推荐的美食附近都有，房间干净整齐，设备齐全，有室外游泳池。</p>'),
(NULL,'香港海景丝丽酒店','1491293616887','4800','大床房','72','2/6','豪华房','咨询前台','南','精装修','2','4','香港机场畅达路9号','万寿路与万寿西街交叉口西行200米路北','4','<p>位置极好，楼下就是地铁，离码头、海港城、广场、星光大道，小吃街都很近，推荐的美食附近都有，房间干净整齐，设备齐全，有室外游泳池。</p>'),
(NULL,'香港海景丝丽酒店','1491380029200','3200','大床房','62','2/6','豪华房','咨询前台','南','精装修','2','5','香港机场畅达路9号','万寿路与万寿西街交叉口西行200米路北','1','<p>位置极好，楼下就是地铁，离码头、海港城、广场、星光大道，小吃街都很近，推荐的美食附近都有，房间干净整齐，设备齐全，有室外游泳池。</p>'),
(NULL,'香港龙堡国际','1491466442348','4100','双床房','55','2/6','豪华房','咨询前台','南','精装修','2','6','香港机场畅达路9号','万寿路与万寿西街交叉口西行200米路北','2','<p>位置极好，楼下就是地铁，离码头、海港城、广场、星光大道，小吃街都很近，推荐的美食附近都有，房间干净整齐，设备齐全，有室外游泳池。</p>'),
(NULL,'香港龙堡国际','1491552852641','4550','大床房','93','2/6','豪华房','咨询前台','南','精装修','3','7','香港机场畅达路9号','万寿路与万寿西街交叉口西行200米路北','3','<p>位置极好，楼下就是地铁，离码头、海港城、广场、星光大道，小吃街都很近，推荐的美食附近都有，房间干净整齐，设备齐全，有室外游泳池。</p>'),
(NULL,'富豪机场酒店','1491639263813','4500','双床房','45','2/6','豪华房','咨询前台','南','精装修','3','8','香港机场畅达路9号','万寿路与万寿西街交叉口西行200米路北','4','<p>位置极好，楼下就是地铁，离码头、海港城、广场、星光大道，小吃街都很近，推荐的美食附近都有，房间干净整齐，设备齐全，有室外游泳池。</p>'),
(NULL,'皇家太平洋酒店','1491725674904','2200','大床房','100','2/6','豪华房','咨询前台','南','精装修','3','9','香港机场畅达路9号','万寿路与万寿西街交叉口西行200米路北','1','<p>位置极好，楼下就是地铁，离码头、海港城、广场、星光大道，小吃街都很近，推荐的美食附近都有，房间干净整齐，设备齐全，有室外游泳池。</p>'),
(NULL,'富豪九龙酒店','1491812086229','3700','双床房','89','2/6','豪华房','咨询前台','南','精装修','1','1','香港机场畅达路9号','万寿路与万寿西街交叉口西行200米路北','2','<p>位置极好，楼下就是地铁，离码头、海港城、广场、星光大道，小吃街都很近，推荐的美食附近都有，房间干净整齐，设备齐全，有室外游泳池。</p>');

/*房源图片*/
CREATE TABLE zfImg(
    zfImgId INT PRIMARY KEY AUTO_INCREMENT,
    zfId INT,
    zfPic VARCHAR(64)
);
INSERT INTO zfImg VALUES
(NULL,'1','img-house/01-01.jpg'),
(NULL,'1','img-house/01-02.jpg'),
(NULL,'1','img-house/01-03.jpg'),
(NULL,'1','img-house/01-04.jpg'),
(NULL,'1','img-house/01-05.jpg'),
(NULL,'1','img-house/01-06.jpg'),
(NULL,'1','img-house/01-07.jpg'),
(NULL,'2','img-house/01-01.jpg'),
(NULL,'2','img-house/01-02.jpg'),
(NULL,'2','img-house/01-03.jpg'),
(NULL,'2','img-house/01-04.jpg'),
(NULL,'2','img-house/01-05.jpg'),
(NULL,'2','img-house/01-06.jpg'),
(NULL,'2','img-house/01-07.jpg'),
(NULL,'3','img-house/01-01.jpg'),
(NULL,'3','img-house/01-02.jpg'),
(NULL,'3','img-house/01-03.jpg'),
(NULL,'3','img-house/01-04.jpg'),
(NULL,'3','img-house/01-05.jpg'),
(NULL,'3','img-house/01-06.jpg'),
(NULL,'3','img-house/01-07.jpg'),
(NULL,'4','img-house/01-01.jpg'),
(NULL,'4','img-house/01-02.jpg'),
(NULL,'4','img-house/01-03.jpg'),
(NULL,'4','img-house/01-04.jpg'),
(NULL,'4','img-house/01-05.jpg'),
(NULL,'4','img-house/01-06.jpg'),
(NULL,'4','img-house/01-07.jpg'),
(NULL,'5','img-house/01-01.jpg'),
(NULL,'5','img-house/01-02.jpg'),
(NULL,'5','img-house/01-03.jpg'),
(NULL,'5','img-house/01-04.jpg'),
(NULL,'5','img-house/01-05.jpg'),
(NULL,'5','img-house/01-06.jpg'),
(NULL,'5','img-house/01-07.jpg'),
(NULL,'6','img-house/01-01.jpg'),
(NULL,'6','img-house/01-02.jpg'),
(NULL,'6','img-house/01-03.jpg'),
(NULL,'6','img-house/01-04.jpg'),
(NULL,'6','img-house/01-05.jpg'),
(NULL,'6','img-house/01-06.jpg'),
(NULL,'6','img-house/01-07.jpg'),
(NULL,'7','img-house/01-01.jpg'),
(NULL,'7','img-house/01-02.jpg'),
(NULL,'7','img-house/01-03.jpg'),
(NULL,'7','img-house/01-04.jpg'),
(NULL,'7','img-house/01-05.jpg'),
(NULL,'7','img-house/01-06.jpg'),
(NULL,'7','img-house/01-07.jpg'),
(NULL,'8','img-house/01-01.jpg'),
(NULL,'8','img-house/01-02.jpg'),
(NULL,'8','img-house/01-03.jpg'),
(NULL,'8','img-house/01-04.jpg'),
(NULL,'8','img-house/01-05.jpg'),
(NULL,'8','img-house/01-06.jpg'),
(NULL,'8','img-house/01-07.jpg'),
(NULL,'9','img-house/01-01.jpg'),
(NULL,'9','img-house/01-02.jpg'),
(NULL,'9','img-house/01-03.jpg'),
(NULL,'9','img-house/01-04.jpg'),
(NULL,'9','img-house/01-05.jpg'),
(NULL,'9','img-house/01-06.jpg'),
(NULL,'9','img-house/01-07.jpg'),
(NULL,'10','img-house/01-01.jpg'),
(NULL,'10','img-house/01-02.jpg'),
(NULL,'10','img-house/01-03.jpg'),
(NULL,'10','img-house/01-04.jpg'),
(NULL,'10','img-house/01-05.jpg'),
(NULL,'10','img-house/01-06.jpg'),
(NULL,'10','img-house/01-07.jpg');


/*经纪人*/
CREATE TABLE agent(
    agentId INT PRIMARY KEY AUTO_INCREMENT,
    agentName VARCHAR(16),
    agentPhone VARCHAR(11),
    agentPic VARCHAR(64),
    areaId  INT,
    subAreaId INT
);

INSERT INTO agent VALUES
(1,'娟娟','400-700-1979','img-jingjiren/01.jpg','1','3'),
(2,'颖颖','400-700-1979','img-jingjiren/02.jpg','1','1'),
(3,'明明','400-700-1979','img-jingjiren/03.jpg','2','4'),
(4,'华华','400-700-1979','img-jingjiren/04.jpg','3','8');

/*个人收藏*/
CREATE TABLE favorite(
    fid INT PRIMARY KEY AUTO_INCREMENT,/*收藏记录id*/
    userId INT,         /*用户id*/
    zfId INT,       /*房源id*/
    fTime VARCHAR(16)   /*收藏时间*/
);
